{"cameraMode":{"drawMode":0,"name":"Shaded","section":"Shading Mode"},"sceneLighting":true,"audioPlay":false,"sceneViewState":{"showFog":false,"showMaterialUpdate":false,"showSkybox":false,"showFlares":false,"showImageEffects":false,"showParticleSystems":false},"in2DMode":false,"pivot":{"x":1111.71240234375,"y":841.6300048828125,"z":330.33544921875},"rotation":{"x":0.10190479457378388,"y":0.06739841401576996,"z":-0.006950631272047758,"w":0.992580771446228},"size":2144.002685546875,"orthographic":false}