{"cameraMode":{"drawMode":0,"name":"Shaded","section":"Shading Mode"},"sceneLighting":false,"audioPlay":false,"sceneViewState":{"showFog":false,"showMaterialUpdate":false,"showSkybox":false,"showFlares":false,"showImageEffects":false,"showParticleSystems":false},"in2DMode":false,"pivot":{"x":1057.552978515625,"y":818.6152954101563,"z":83.787353515625},"rotation":{"x":-0.07223858684301377,"y":-0.015546769835054875,"z":0.0011295377044007183,"w":-0.9972725510597229},"size":1575.413818359375,"orthographic":false}