{"cameraMode":{"drawMode":0,"name":"Shaded","section":"Shading Mode"},"sceneLighting":false,"audioPlay":false,"sceneViewState":{"showFog":false,"showMaterialUpdate":false,"showSkybox":false,"showFlares":false,"showImageEffects":false,"showParticleSystems":false},"in2DMode":false,"pivot":{"x":1448.3621826171875,"y":545.3994140625,"z":71.8720703125},"rotation":{"x":-0.10202499479055405,"y":0.045656438916921619,"z":-0.004680328071117401,"w":-0.993730902671814},"size":1862.555908203125,"orthographic":false}