{"cameraMode":{"drawMode":0,"name":"Shaded","section":"Shading Mode"},"sceneLighting":false,"audioPlay":false,"sceneViewState":{"showFog":false,"showMaterialUpdate":false,"showSkybox":false,"showFlares":false,"showImageEffects":false,"showParticleSystems":false},"in2DMode":false,"pivot":{"x":1030.929931640625,"y":1005.8411865234375,"z":35.53924560546875},"rotation":{"x":-0.07074259966611862,"y":-0.015548447147011757,"z":0.0011062156409025193,"w":-0.9973797798156738},"size":1982.343505859375,"orthographic":false}