{"cameraMode":{"drawMode":0,"name":"Shaded","section":"Shading Mode"},"sceneLighting":false,"audioPlay":false,"sceneViewState":{"showFog":false,"showMaterialUpdate":false,"showSkybox":false,"showFlares":false,"showImageEffects":false,"showParticleSystems":false},"in2DMode":false,"pivot":{"x":1136.7542724609375,"y":645.0623779296875,"z":545.947509765625},"rotation":{"x":-0.07807965576648712,"y":-0.06185831129550934,"z":0.004855516366660595,"w":-0.9950225353240967},"size":2514.73291015625,"orthographic":false}