{"cameraMode":{"drawMode":0,"name":"Shaded","section":"Shading Mode"},"sceneLighting":true,"audioPlay":false,"sceneViewState":{"showFog":false,"showMaterialUpdate":false,"showSkybox":false,"showFlares":false,"showImageEffects":false,"showParticleSystems":false},"in2DMode":false,"pivot":{"x":1030.796630859375,"y":650.5005493164063,"z":-93.212158203125},"rotation":{"x":-0.05768624320626259,"y":0.12874159216880799,"z":0.007431553676724434,"w":0.9900708198547363},"size":1853.7813720703125,"orthographic":false}