{"cameraMode":{"drawMode":0,"name":"Shaded","section":"Shading Mode"},"sceneLighting":false,"audioPlay":false,"sceneViewState":{"showFog":false,"showMaterialUpdate":false,"showSkybox":false,"showFlares":false,"showImageEffects":false,"showParticleSystems":false},"in2DMode":false,"pivot":{"x":1108.155029296875,"y":779.3497924804688,"z":0.8102366328239441},"rotation":{"x":-0.07074259966611862,"y":-0.015548447147011757,"z":0.0011062156409025193,"w":-0.9973797798156738},"size":1516.2720947265625,"orthographic":false}