{"cameraMode":{"drawMode":0,"name":"Shaded","section":"Shading Mode"},"sceneLighting":false,"audioPlay":false,"sceneViewState":{"showFog":false,"showMaterialUpdate":false,"showSkybox":false,"showFlares":false,"showImageEffects":false,"showParticleSystems":false},"in2DMode":false,"pivot":{"x":1325.109619140625,"y":471.3596496582031,"z":494.766845703125},"rotation":{"x":-0.07807965576648712,"y":-0.06185831129550934,"z":0.004855516366660595,"w":-0.9950225353240967},"size":2609.91796875,"orthographic":false}