{"cameraMode":{"drawMode":0,"name":"Shaded","section":"Shading Mode"},"sceneLighting":false,"audioPlay":false,"sceneViewState":{"showFog":false,"showMaterialUpdate":false,"showSkybox":false,"showFlares":false,"showImageEffects":false,"showParticleSystems":false},"in2DMode":false,"pivot":{"x":1013.8939208984375,"y":716.3197021484375,"z":-21.6890869140625},"rotation":{"x":-0.20765531063079835,"y":-0.24692398309707642,"z":0.054264768958091739,"w":-0.9449747204780579},"size":1825.71337890625,"orthographic":false}