{"cameraMode":{"drawMode":0,"name":"Shaded","section":"Shading Mode"},"sceneLighting":false,"audioPlay":false,"sceneViewState":{"showFog":false,"showMaterialUpdate":false,"showSkybox":false,"showFlares":false,"showImageEffects":false,"showParticleSystems":false},"in2DMode":false,"pivot":{"x":1001.2216186523438,"y":802.1338500976563,"z":-153.47491455078126},"rotation":{"x":-0.05272325128316879,"y":-0.04850161448121071,"z":0.0025668370071798565,"w":-0.9974349141120911},"size":1155.2545166015625,"orthographic":false}