{"cameraMode":{"drawMode":0,"name":"Shaded","section":"Shading Mode"},"sceneLighting":false,"audioPlay":false,"sceneViewState":{"showFog":false,"showMaterialUpdate":false,"showSkybox":false,"showFlares":false,"showImageEffects":false,"showParticleSystems":false},"in2DMode":false,"pivot":{"x":0.10298681259155274,"y":-0.6301817893981934,"z":1.0353846549987794},"rotation":{"x":0.08590859919786453,"y":-0.9134531617164612,"z":0.2619776725769043,"w":0.2994525730609894},"size":8.879611015319825,"orthographic":false}