{"cameraMode":{"drawMode":0,"name":"Shaded","section":"Shading Mode"},"sceneLighting":true,"audioPlay":false,"sceneViewState":{"showFog":false,"showMaterialUpdate":false,"showSkybox":false,"showFlares":false,"showImageEffects":false,"showParticleSystems":false},"in2DMode":false,"pivot":{"x":-1.0443425178527833,"y":-0.09062051773071289,"z":-3.469538688659668},"rotation":{"x":0.06510765850543976,"y":-0.930794894695282,"z":0.2045350968837738,"w":0.29620403051376345},"size":10.017269134521485,"orthographic":false}