{"cameraMode":{"drawMode":0,"name":"Shaded","section":"Shading Mode"},"sceneLighting":false,"audioPlay":false,"sceneViewState":{"showFog":false,"showMaterialUpdate":false,"showSkybox":false,"showFlares":false,"showImageEffects":false,"showParticleSystems":false},"in2DMode":false,"pivot":{"x":868.1340942382813,"y":864.3082275390625,"z":48.6116943359375},"rotation":{"x":-0.10202499479055405,"y":0.045656438916921619,"z":-0.004680328071117401,"w":-0.993730902671814},"size":1560.097412109375,"orthographic":false}