{"cameraMode":{"drawMode":0,"name":"Shaded","section":"Shading Mode"},"sceneLighting":true,"audioPlay":false,"sceneViewState":{"showFog":false,"showMaterialUpdate":false,"showSkybox":false,"showFlares":false,"showImageEffects":false,"showParticleSystems":false},"in2DMode":false,"pivot":{"x":-3.334096908569336,"y":-0.9814131259918213,"z":-4.713369369506836},"rotation":{"x":-0.06393324583768845,"y":0.915503203868866,"z":-0.16122925281524659,"w":-0.3632243275642395},"size":12.928205490112305,"orthographic":false}