{"cameraMode":{"drawMode":0,"name":"Shaded","section":"Shading Mode"},"sceneLighting":true,"audioPlay":false,"sceneViewState":{"showFog":false,"showMaterialUpdate":false,"showSkybox":false,"showFlares":false,"showImageEffects":false,"showParticleSystems":false},"in2DMode":false,"pivot":{"x":1150.539306640625,"y":902.3770751953125,"z":35.9517822265625},"rotation":{"x":-0.12449654191732407,"y":0.0005920676048845053,"z":-0.00012178310134913772,"w":-0.9923056960105896},"size":1545.7705078125,"orthographic":false}