{"cameraMode":{"drawMode":0,"name":"Shaded","section":"Shading Mode"},"sceneLighting":false,"audioPlay":false,"sceneViewState":{"showFog":false,"showMaterialUpdate":false,"showSkybox":false,"showFlares":false,"showImageEffects":false,"showParticleSystems":false},"in2DMode":false,"pivot":{"x":1032.2701416015625,"y":511.5487976074219,"z":-230.859130859375},"rotation":{"x":-0.09765254706144333,"y":-0.006556466221809387,"z":0.0006464486941695213,"w":-0.9952062964439392},"size":1163.542236328125,"orthographic":false}