{"cameraMode":{"drawMode":0,"name":"Shaded","section":"Shading Mode"},"sceneLighting":false,"audioPlay":false,"sceneViewState":{"showFog":false,"showMaterialUpdate":false,"showSkybox":false,"showFlares":false,"showImageEffects":false,"showParticleSystems":false},"in2DMode":false,"pivot":{"x":1063.87451171875,"y":908.54931640625,"z":-25.9339599609375},"rotation":{"x":-0.06326768547296524,"y":-0.0035808116663247349,"z":0.00023067172151058912,"w":-0.9979979395866394},"size":1646.2608642578125,"orthographic":false}