{"cameraMode":{"drawMode":0,"name":"Shaded","section":"Shading Mode"},"sceneLighting":false,"audioPlay":false,"sceneViewState":{"showFog":false,"showMaterialUpdate":false,"showSkybox":false,"showFlares":false,"showImageEffects":false,"showParticleSystems":false},"in2DMode":false,"pivot":{"x":1164.477783203125,"y":640.0111083984375,"z":-146.5609130859375},"rotation":{"x":-0.20765531063079835,"y":-0.24692398309707642,"z":0.054264768958091739,"w":-0.9449747204780579},"size":2430.884765625,"orthographic":false}