{"cameraMode":{"drawMode":0,"name":"Shaded","section":"Shading Mode"},"sceneLighting":false,"audioPlay":false,"sceneViewState":{"showFog":false,"showMaterialUpdate":false,"showSkybox":false,"showFlares":false,"showImageEffects":false,"showParticleSystems":false},"in2DMode":false,"pivot":{"x":992.7965698242188,"y":427.0513916015625,"z":529.225830078125},"rotation":{"x":-0.07807965576648712,"y":-0.06185831129550934,"z":0.004855516366660595,"w":-0.9950225353240967},"size":2257.449951171875,"orthographic":false}