{"cameraMode":{"drawMode":0,"name":"Shaded","section":"Shading Mode"},"sceneLighting":false,"audioPlay":false,"sceneViewState":{"showFog":false,"showMaterialUpdate":false,"showSkybox":false,"showFlares":false,"showImageEffects":false,"showParticleSystems":false},"in2DMode":false,"pivot":{"x":1048.4547119140625,"y":917.7489013671875,"z":98.21728515625},"rotation":{"x":-0.07074259966611862,"y":-0.015548447147011757,"z":0.0011062156409025193,"w":-0.9973797798156738},"size":1428.5106201171875,"orthographic":false}