{"cameraMode":{"drawMode":0,"name":"Shaded","section":"Shading Mode"},"sceneLighting":false,"audioPlay":false,"sceneViewState":{"showFog":false,"showMaterialUpdate":false,"showSkybox":false,"showFlares":false,"showImageEffects":false,"showParticleSystems":false},"in2DMode":false,"pivot":{"x":1006.8521728515625,"y":1054.3541259765625,"z":-27.2384033203125},"rotation":{"x":-0.15270169079303742,"y":-0.010957438498735428,"z":0.0016968161799013615,"w":-0.9882173538208008},"size":1773.4537353515625,"orthographic":false}