{"cameraMode":{"drawMode":0,"name":"Shaded","section":"Shading Mode"},"sceneLighting":true,"audioPlay":false,"sceneViewState":{"showFog":false,"showMaterialUpdate":false,"showSkybox":false,"showFlares":false,"showImageEffects":false,"showParticleSystems":false},"in2DMode":false,"pivot":{"x":964.080078125,"y":932.170654296875,"z":-252.59713745117188},"rotation":{"x":-0.04386119917035103,"y":0.9514836668968201,"z":-0.1616869568824768,"w":-0.25842243432998659},"size":828.3195190429688,"orthographic":false}