{"cameraMode":{"drawMode":0,"name":"Shaded","section":"Shading Mode"},"sceneLighting":false,"audioPlay":false,"sceneViewState":{"showFog":false,"showMaterialUpdate":false,"showSkybox":false,"showFlares":false,"showImageEffects":false,"showParticleSystems":false},"in2DMode":false,"pivot":{"x":1.1950016021728516,"y":1.0657228231430054,"z":-0.10636663436889649},"rotation":{"x":-0.20765531063079835,"y":-0.24692398309707642,"z":0.054264768958091739,"w":-0.9449747204780579},"size":4.1773762702941898,"orthographic":false}