{"cameraMode":{"drawMode":0,"name":"Shaded","section":"Shading Mode"},"sceneLighting":false,"audioPlay":false,"sceneViewState":{"showFog":false,"showMaterialUpdate":false,"showSkybox":false,"showFlares":false,"showImageEffects":false,"showParticleSystems":false},"in2DMode":false,"pivot":{"x":1052.7528076171875,"y":853.2070922851563,"z":28.994140625},"rotation":{"x":-0.20765531063079835,"y":-0.24692398309707642,"z":0.054264768958091739,"w":-0.9449747204780579},"size":1617.4349365234375,"orthographic":false}