{"cameraMode":{"drawMode":0,"name":"Shaded","section":"Shading Mode"},"sceneLighting":false,"audioPlay":false,"sceneViewState":{"showFog":false,"showMaterialUpdate":false,"showSkybox":false,"showFlares":false,"showImageEffects":false,"showParticleSystems":false},"in2DMode":false,"pivot":{"x":971.9833374023438,"y":812.8988037109375,"z":56.0028076171875},"rotation":{"x":-0.07074259966611862,"y":-0.015548447147011757,"z":0.0011062156409025193,"w":-0.9973797798156738},"size":1464.0404052734375,"orthographic":false}