{"cameraMode":{"drawMode":0,"name":"Shaded","section":"Shading Mode"},"sceneLighting":false,"audioPlay":false,"sceneViewState":{"showFog":false,"showMaterialUpdate":false,"showSkybox":false,"showFlares":false,"showImageEffects":false,"showParticleSystems":false},"in2DMode":false,"pivot":{"x":899.9629516601563,"y":785.0516357421875,"z":54.27548599243164},"rotation":{"x":-0.07074259966611862,"y":-0.015548447147011757,"z":0.0011062156409025193,"w":-0.9973797798156738},"size":1760.109130859375,"orthographic":false}