{"cameraMode":{"drawMode":0,"name":"Shaded","section":"Shading Mode"},"sceneLighting":true,"audioPlay":false,"sceneViewState":{"showFog":false,"showMaterialUpdate":false,"showSkybox":false,"showFlares":false,"showImageEffects":false,"showParticleSystems":false},"in2DMode":false,"pivot":{"x":1053.673828125,"y":890.6082763671875,"z":348.5106201171875},"rotation":{"x":0.10190479457378388,"y":0.06739841401576996,"z":-0.006950631272047758,"w":0.992580771446228},"size":1783.359130859375,"orthographic":false}