{"cameraMode":{"drawMode":0,"name":"Shaded","section":"Shading Mode"},"sceneLighting":false,"audioPlay":false,"sceneViewState":{"showFog":false,"showMaterialUpdate":false,"showSkybox":false,"showFlares":false,"showImageEffects":false,"showParticleSystems":false},"in2DMode":false,"pivot":{"x":893.040771484375,"y":331.61700439453127,"z":-386.64111328125},"rotation":{"x":-0.09765254706144333,"y":-0.006556466221809387,"z":0.0006464486941695213,"w":-0.9952062964439392},"size":1136.724365234375,"orthographic":false}