{"cameraMode":{"drawMode":0,"name":"Shaded","section":"Shading Mode"},"sceneLighting":false,"audioPlay":false,"sceneViewState":{"showFog":false,"showMaterialUpdate":false,"showSkybox":false,"showFlares":false,"showImageEffects":false,"showParticleSystems":false},"in2DMode":false,"pivot":{"x":184.76205444335938,"y":661.0911254882813,"z":-6.903076171875},"rotation":{"x":-0.09765254706144333,"y":-0.006556466221809387,"z":0.0006464486941695213,"w":-0.9952062964439392},"size":1272.7139892578125,"orthographic":false}