{"cameraMode":{"drawMode":0,"name":"Shaded","section":"Shading Mode"},"sceneLighting":true,"audioPlay":false,"sceneViewState":{"showFog":false,"showMaterialUpdate":false,"showSkybox":false,"showFlares":false,"showImageEffects":false,"showParticleSystems":false},"in2DMode":false,"pivot":{"x":-1.452138900756836,"y":3.0660955905914308,"z":0.4912250339984894},"rotation":{"x":-0.06340478360652924,"y":-0.8571215867996216,"z":0.10886260867118836,"w":-0.49957531690597536},"size":0.17537647485733033,"orthographic":false}