{"cameraMode":{"drawMode":0,"name":"Shaded","section":"Shading Mode"},"sceneLighting":false,"audioPlay":false,"sceneViewState":{"showFog":false,"showMaterialUpdate":false,"showSkybox":false,"showFlares":false,"showImageEffects":false,"showParticleSystems":false},"in2DMode":false,"pivot":{"x":1180.024658203125,"y":752.9083862304688,"z":63.983123779296878},"rotation":{"x":-0.05768624320626259,"y":0.12874159216880799,"z":0.007431553676724434,"w":0.9900708198547363},"size":379.5540466308594,"orthographic":false}